{"GUUID":2,"objects":[{"components":[{"data":{"material":"unlit","shape":"Quad","sprite":[114,101,115,111,117,114,99,101,115,47,116,101,120,116,117,114,101,115,47,67,97,110,97,114,100,80,111,108,105,99,105,101,114,65,110,103,108,97,105,115,46,100,100,115]},"type":"class Dragonite::SpriteRenderer"},{"data":{"speed":200.0},"type":"class Dragonite::PlayerController"}],"name":"Player","transform":{"position":{"x":487.21484375,"y":275.5333251953125,"z":0.4000244140625},"rotation":{"x":0.0,"y":-0.0,"z":0.0},"scale":{"x":100.0,"y":100.0,"z":1.0}},"uuid":0},{"components":[{"data":{"farPlane":1000.0,"fov":90.0,"nearPlane":0.10000000149011612,"usePerspective":false,"viewPort":{"height":1080.0,"width":1920.0}},"type":"class Dragonite::Camera"}],"name":"Main Camera","transform":{"position":{"x":0.0,"y":0.0,"z":0.0},"rotation":{"x":0.0,"y":0.0,"z":0.0},"scale":{"x":1.0,"y":1.0,"z":1.0}},"uuid":1}],"sceneName":"New Scene"}