{"GUUID":1,"objects":[{"components":[{"data":{"material":"unlit","model":"Primitive Cube","texture":[114,101,115,111,117,114,99,101,115,47,116,101,120,116,117,114,101,115,47,67,97,110,97,114,100,80,111,108,105,99,105,101,114,65,110,103,108,97,105,115,46,100,100,115]},"type":"class Dragonite::ModelRenderer"},{"data":{"minScale":0.5,"scaleSpeed":4.0},"type":"class Dragonite::TestComponent"}],"name":"New GameObject [0]","transform":{"position":{"x":0.405515193939209,"y":0.3979461193084717,"z":2.299299478530884},"rotation":{"x":0.0,"y":-0.0,"z":0.0},"scale":{"x":1.0,"y":1.0,"z":1.0}},"uuid":0}],"sceneName":"New Scene"}