{"GUUID":3,"objects":[{"components":[{"data":{"farPlane":1000.0,"fov":90.0,"nearPlane":0.10000000149011612,"usePerspective":true,"viewPort":{"height":1080.0,"width":1920.0}},"type":"class Dragonite::Camera"}],"name":"New Camera [0]","transform":{"position":{"x":0.0,"y":0.0,"z":-7.0},"rotation":{"x":0.0,"y":-0.0,"z":0.0},"scale":{"x":1.0,"y":1.0,"z":1.0}},"uuid":0},{"components":[{"data":{"material":"unlit","model":"Primitive Cube","texture":[114,101,115,111,117,114,99,101,115,47,116,101,120,116,117,114,101,115,47,67,97,110,97,114,100,80,111,108,105,99,105,101,114,65,110,103,108,97,105,115,46,100,100,115]},"type":"class Dragonite::ModelRenderer"},{"data":{"minScale":0.5,"scaleSpeed":4.0},"type":"class Dragonite::TestComponent"}],"name":"New GameObject [1]","transform":{"position":{"x":-2.0102462768554688,"y":1.2211581468582153,"z":4.020307540893555},"rotation":{"x":0.0,"y":-0.0,"z":0.0},"scale":{"x":1.0,"y":1.0,"z":1.0}},"uuid":1},{"components":[{"data":{"material":"unlit","model":"Primitive Cube","texture":[114,101,115,111,117,114,99,101,115,47,116,101,120,116,117,114,101,115,47,67,97,110,97,114,100,80,111,108,105,99,105,101,114,65,110,103,108,97,105,115,46,100,100,115]},"type":"class Dragonite::ModelRenderer"}],"name":"New GameObject [2]","transform":{"position":{"x":0.7891950607299805,"y":0.3096918761730194,"z":4.366874694824219},"rotation":{"x":0.0,"y":-0.0,"z":0.0},"scale":{"x":1.0,"y":1.0,"z":1.0}},"uuid":2}],"sceneName":"New Scene"}